trial_id,val_aucpr,best_round,rounds_run,time_total_s,config/max_depth,config/learning_rate,config/subsample,config/colsample_bytree,config/min_child_weight,config/reg_lambda,config/scale_pos_weight_mode
3f03b_00096,0.93272,119,219,6.84362,7,0.09807,0.94011,0.6703,9.94567,1.67029,sqrt
3f03b_00039,0.9325,69,169,4.68514,5,0.17662,0.78695,0.89238,1.08561,0.1783,sqrt
3f03b_00000,0.93185,549,649,8.48659,4,0.06564,0.94344,0.84868,1.54296,17.57666,sqrt
3f03b_00094,0.93121,102,202,6.57473,7,0.12281,0.90516,0.52905,5.41024,1.74369,sqrt
3f03b_00102,0.93081,43,143,6.5232,6,0.28773,0.71529,0.86688,31.62038,0.62703,sqrt
3f03b_00084,0.93076,56,156,6.6523,9,0.17448,0.72578,0.91869,9.73382,0.18475,sqrt
3f03b_00105,0.93071,90,190,6.90803,5,0.18555,0.61479,0.68635,1.2514,0.17843,sqrt
3f03b_00025,0.93008,39,139,5.06583,6,0.22646,0.6561,0.77702,1.64874,3.52245,sqrt
3f03b_00063,0.93005,119,219,5.30198,9,0.14428,0.8212,0.96807,36.35825,1.26778,full
3f03b_00002,0.92994,56,156,6.75142,9,0.18564,0.77737,0.61362,12.85789,0.14023,sqrt
3f03b_00120,0.92966,131,231,7.49521,9,0.0646,0.61434,0.97989,1.60696,0.12432,sqrt
3f03b_00001,0.92946,85,185,6.66844,9,0.16808,0.65125,0.72519,5.51564,13.56794,sqrt
3f03b_00040,0.92946,98,150,6.36245,6,0.17305,0.69306,0.76538,16.29415,9.92415,sqrt
3f03b_00037,0.92914,40,140,7.03798,7,0.26603,0.71458,0.9624,1.12129,1.89464,sqrt
3f03b_00009,0.92865,87,150,6.52639,7,0.16567,0.78357,0.78437,1.90368,0.18346,sqrt
3f03b_00111,0.92855,41,141,6.58435,6,0.29898,0.71854,0.70397,1.87777,2.1028,sqrt
3f03b_00093,0.92842,115,150,6.70659,10,0.07606,0.63365,0.62183,48.66052,2.93164,sqrt
3f03b_00073,0.92834,93,150,6.24721,7,0.11015,0.94045,0.57761,29.46064,0.2781,sqrt
3f03b_00019,0.92813,71,150,5.04384,7,0.20346,0.90341,0.85973,7.31452,2.77624,full
3f03b_00112,0.92807,138,150,6.46394,5,0.13345,0.83809,0.69618,67.70138,1.3913,sqrt
3f03b_00054,0.92805,74,150,6.61727,10,0.11709,0.92176,0.76636,18.44316,0.46031,sqrt
3f03b_00095,0.92781,61,150,4.64708,10,0.19689,0.79303,0.88431,50.58608,1.45058,full
3f03b_00106,0.92776,59,150,6.77374,10,0.138,0.90949,0.93273,30.12055,6.96353,sqrt
3f03b_00022,0.92771,75,150,6.6879,10,0.05117,0.83637,0.5114,82.62632,1.28764,sqrt
3f03b_00090,0.92763,66,150,6.32884,10,0.09014,0.93563,0.99516,1.91952,1.07504,sqrt
3f03b_00071,0.92757,83,150,5.50037,10,0.19953,0.62289,0.90048,71.71184,5.97922,full
3f03b_00114,0.92754,150,150,6.78271,10,0.05067,0.76815,0.9796,31.90996,1.75601,sqrt
3f03b_00049,0.92717,69,150,4.59925,9,0.23048,0.99183,0.90101,36.22055,3.00866,sqrt
3f03b_00086,0.92717,85,150,8.49106,9,0.14945,0.60587,0.91359,51.65306,0.71876,full
3f03b_00072,0.92707,45,145,6.30841,9,0.19345,0.61606,0.60089,1.77765,1.44857,sqrt
3f03b_00100,0.92699,68,150,6.65467,10,0.15723,0.96133,0.86035,84.41555,6.30111,full
3f03b_00061,0.92667,122,150,4.7018,10,0.12316,0.73346,0.94918,33.5015,0.41928,sqrt
3f03b_00115,0.92666,56,150,6.96009,10,0.22698,0.69404,0.66267,65.78542,1.65383,full
3f03b_00030,0.92659,40,140,6.54107,9,0.2248,0.80754,0.65796,34.99652,3.33045,sqrt
3f03b_00005,0.92585,26,50,6.39874,10,0.27473,0.73033,0.68523,8.69184,0.27288,sqrt
3f03b_00017,0.92565,38,138,4.41802,7,0.27598,0.9115,0.85845,7.91996,0.42309,full
3f03b_00028,0.9249,41,141,6.85733,10,0.26407,0.71637,0.75753,3.25035,14.25162,full
3f03b_00065,0.92466,79,150,4.60816,10,0.02782,0.8353,0.84305,1.05829,1.11019,sqrt
3f03b_00004,0.92439,47,50,5.30539,8,0.03388,0.78669,0.5219,2.03507,3.73006,sqrt
3f03b_00007,0.92348,38,50,4.40929,8,0.0466,0.9329,0.90238,5.95603,0.46074,sqrt
3f03b_00003,0.92337,48,50,3.94144,10,0.11064,0.90324,0.67726,87.37678,11.35268,sqrt
3f03b_00044,0.92325,14,50,5.64192,10,0.03131,0.71389,0.57681,1.70208,0.11186,sqrt
3f03b_00048,0.92319,47,50,5.60538,10,0.02634,0.93338,0.52598,70.74304,0.16907,sqrt
3f03b_00116,0.92311,50,50,6.26268,10,0.09904,0.86138,0.64969,3.03909,0.55216,sqrt
3f03b_00013,0.92309,48,50,5.35639,4,0.1671,0.86573,0.70319,42.46594,0.24222,sqrt
3f03b_00058,0.92302,15,50,5.43133,9,0.02587,0.84647,0.58565,13.48656,2.07577,sqrt
3f03b_00104,0.92257,47,50,5.28717,6,0.06097,0.91747,0.54241,12.90992,7.00751,sqrt
3f03b_00012,0.92255,14,50,6.12582,10,0.03768,0.62332,0.64069,3.86534,3.33495,sqrt
3f03b_00041,0.92186,48,50,3.46767,9,0.06113,0.74967,0.71294,20.13085,9.9111,sqrt
3f03b_00070,0.92127,45,50,7.68266,6,0.02206,0.60217,0.52583,16.28735,6.98608,sqrt
3f03b_00082,0.92094,48,50,5.65841,8,0.04709,0.91497,0.77457,7.29183,2.75723,sqrt
3f03b_00066,0.92087,30,50,5.33065,9,0.0445,0.78342,0.72116,4.01656,12.98262,sqrt
3f03b_00053,0.92071,48,50,4.39356,5,0.2612,0.96654,0.74046,4.53652,1.70628,full
3f03b_00035,0.92062,48,50,5.36005,10,0.09649,0.67991,0.90206,26.96586,5.01677,sqrt
3f03b_00125,0.92053,31,50,5.54508,7,0.0479,0.69699,0.73993,23.25502,0.33513,full
3f03b_00126,0.91997,35,50,3.78819,9,0.24845,0.61943,0.73038,26.49208,0.22192,full
3f03b_00091,0.91956,50,50,6.2578,9,0.02484,0.90213,0.71689,8.68268,0.22218,full
3f03b_00067,0.91919,37,50,3.51273,9,0.02698,0.99881,0.9396,3.69672,8.42799,sqrt
3f03b_00010,0.91913,48,50,5.55015,7,0.07163,0.82609,0.8825,18.59673,1.87846,sqrt
3f03b_00020,0.91866,48,50,5.48286,4,0.11623,0.63378,0.7079,1.21123,1.3699,sqrt
3f03b_00043,0.91866,48,50,4.25263,10,0.10003,0.65847,0.91233,4.17512,0.21432,full
3f03b_00076,0.9181,48,50,5.36656,6,0.06924,0.91363,0.8182,13.9581,0.21575,sqrt
3f03b_00069,0.91788,36,50,8.25131,10,0.03839,0.65721,0.88838,2.4912,12.45678,full
3f03b_00056,0.9176,48,50,5.52668,8,0.14274,0.6338,0.96797,1.88285,16.08467,full
3f03b_00088,0.91751,50,50,5.42072,7,0.04642,0.87507,0.8527,5.966,2.98335,sqrt
3f03b_00057,0.91656,49,50,3.58081,5,0.09983,0.91305,0.89756,77.99273,0.38286,sqrt
3f03b_00014,0.91648,7,50,5.47363,6,0.02552,0.88894,0.73094,2.10157,1.42206,full
3f03b_00109,0.91595,5,50,5.62816,6,0.05133,0.94134,0.64947,15.15795,0.81916,sqrt
3f03b_00098,0.91549,7,50,5.47691,6,0.02139,0.97098,0.7241,4.12164,2.38294,full
3f03b_00101,0.91546,48,50,5.65437,7,0.02724,0.89297,0.72004,12.77049,3.1997,sqrt
3f03b_00008,0.91541,45,50,5.55238,5,0.0292,0.67996,0.50368,37.48424,3.38721,sqrt
3f03b_00122,0.91528,37,50,6.54517,9,0.05666,0.62421,0.84909,2.59442,0.49554,full
3f03b_00052,0.91522,50,50,6.43299,8,0.05411,0.74656,0.66375,5.74022,3.78369,full
3f03b_00015,0.9151,37,50,3.54905,10,0.13182,0.77846,0.69051,4.00889,2.82032,full
3f03b_00079,0.91503,37,50,6.13529,10,0.04564,0.77116,0.80549,18.58909,0.88632,full
3f03b_00087,0.91461,48,50,3.75451,8,0.10178,0.64787,0.68246,82.57686,19.52512,full
3f03b_00050,0.91439,48,50,5.38704,8,0.02879,0.81443,0.75711,51.89724,1.16122,sqrt
3f03b_00045,0.91427,38,50,4.40699,8,0.03209,0.62135,0.79557,22.98418,0.80493,full
3f03b_00036,0.91375,30,50,6.20141,9,0.02796,0.97103,0.69879,3.9985,1.33121,full
3f03b_00118,0.91354,37,50,6.33237,8,0.07264,0.99788,0.8373,42.58698,11.93449,full
3f03b_00047,0.9135,45,50,5.86767,10,0.03929,0.82849,0.70813,1.25461,0.72393,full
3f03b_00046,0.91334,48,50,6.75311,9,0.07841,0.95,0.92557,1.22166,0.2616,full
3f03b_00092,0.9133,38,50,5.45246,6,0.23327,0.61786,0.61643,3.83812,1.34264,full
3f03b_00023,0.91309,30,50,3.52574,7,0.02502,0.79466,0.74535,75.10224,2.06806,sqrt
3f03b_00119,0.91307,49,50,5.95831,5,0.03302,0.82487,0.55095,20.22294,15.78657,sqrt
3f03b_00051,0.91282,50,50,4.10537,9,0.11304,0.70659,0.56988,9.03139,0.91049,full
3f03b_00127,0.91281,47,50,4.71676,8,0.02908,0.96753,0.50463,2.38037,0.11803,full
3f03b_00027,0.91279,48,50,3.56407,10,0.02213,0.82194,0.68546,45.66458,7.24121,full
3f03b_00117,0.91209,50,50,5.97485,5,0.21345,0.7133,0.78074,38.36621,6.36213,full
3f03b_00034,0.91151,37,50,5.5224,10,0.03725,0.65273,0.83883,1.75253,1.46245,full
3f03b_00110,0.90973,26,50,5.97511,4,0.22065,0.67504,0.54241,4.82896,4.48032,full
3f03b_00031,0.90973,29,50,3.65908,6,0.02583,0.89872,0.63123,74.7526,0.35849,full
3f03b_00123,0.9096,50,50,4.69858,7,0.0618,0.60066,0.55604,53.15316,0.10066,full
3f03b_00062,0.90935,49,50,5.71927,9,0.04686,0.66304,0.57389,74.51693,1.01772,full
3f03b_00124,0.90911,44,50,5.58834,4,0.07529,0.73324,0.71566,36.4051,8.62253,sqrt
3f03b_00038,0.90852,48,50,5.32983,5,0.02664,0.65614,0.70956,85.59804,2.3524,sqrt
3f03b_00077,0.90814,43,50,5.19148,5,0.04523,0.83121,0.84989,19.88229,14.59943,sqrt
3f03b_00059,0.90802,48,50,6.02146,7,0.08236,0.90557,0.89962,9.64509,2.39708,full
3f03b_00113,0.90754,26,50,6.0202,6,0.0538,0.62687,0.60099,1.08477,1.10411,full
3f03b_00099,0.90695,37,50,3.6143,7,0.04246,0.88121,0.81688,91.96274,2.67585,full
3f03b_00016,0.90527,37,50,3.66016,8,0.02536,0.6472,0.98095,65.63891,4.07424,full
3f03b_00083,0.90524,48,50,5.46953,7,0.08018,0.89468,0.9432,69.52074,1.4417,full
3f03b_00024,0.90521,42,50,6.02059,7,0.04121,0.73263,0.76034,7.54784,0.11213,full
3f03b_00081,0.90477,36,50,3.47877,7,0.03684,0.82898,0.78289,25.35154,3.09705,full
3f03b_00006,0.90412,37,50,7.24601,7,0.07253,0.69076,0.83491,7.48693,8.24171,full
3f03b_00097,0.90393,41,50,3.61537,7,0.05885,0.96694,0.81542,2.26471,0.60217,full
3f03b_00078,0.90314,33,50,3.99094,5,0.07923,0.76161,0.73708,1.73155,0.2035,full
3f03b_00085,0.90251,44,50,5.36729,4,0.19556,0.62223,0.64031,4.65865,0.25007,full
3f03b_00018,0.90186,9,50,5.3318,4,0.23045,0.78231,0.60118,4.09179,2.1518,full
3f03b_00064,0.9013,50,50,5.43233,4,0.28933,0.8871,0.9756,1.72567,9.05948,full
3f03b_00089,0.90126,20,50,3.58742,6,0.03523,0.81004,0.58188,2.14691,8.40159,full
3f03b_00055,0.90076,50,50,5.39296,5,0.0346,0.87792,0.93036,1.83741,2.59243,sqrt
3f03b_00075,0.90073,26,50,5.32586,4,0.21921,0.88383,0.58656,1.5256,0.26443,full
3f03b_00032,0.89976,27,50,6.36639,4,0.18989,0.66131,0.58963,15.80395,10.28948,full
3f03b_00080,0.89934,18,50,7.25206,5,0.03606,0.83532,0.65852,1.18065,0.91781,full
3f03b_00011,0.89553,47,50,3.57771,4,0.04555,0.61233,0.71836,2.68639,0.87104,sqrt
3f03b_00108,0.89532,50,50,4.75305,5,0.02167,0.76054,0.94782,22.04071,0.35226,sqrt
3f03b_00060,0.89482,46,50,5.38885,4,0.02766,0.64684,0.54385,20.68838,0.91882,sqrt
3f03b_00021,0.89081,9,50,4.17993,5,0.02958,0.64136,0.79382,2.19374,13.45021,full
3f03b_00068,0.8871,21,50,5.21997,4,0.29927,0.86627,0.82506,1.51664,11.59046,full
3f03b_00103,0.88477,18,50,3.28745,4,0.02235,0.91094,0.74485,93.55787,1.17468,full
3f03b_00074,0.87153,50,50,5.51496,4,0.13675,0.99208,0.80577,1.28529,2.61906,full
3f03b_00042,0.86897,36,50,5.42015,5,0.03913,0.69466,0.87301,42.96725,0.17468,full
3f03b_00121,0.86286,36,50,4.4354,4,0.02388,0.78205,0.75804,4.21832,0.131,full
3f03b_00026,0.84613,49,50,5.49785,4,0.11928,0.8908,0.88432,1.64241,12.81654,full
3f03b_00107,0.84272,38,50,5.8997,6,0.03775,0.84876,0.92906,1.02094,1.52819,full
3f03b_00029,0.77008,42,50,5.54555,5,0.02259,0.77404,0.99619,60.72318,5.27922,full
3f03b_00033,0.71188,36,50,3.61964,4,0.04634,0.91096,0.98591,10.03419,0.21434,full
