run_name,stage,model,feature_set,start_time,val_pr_auc,test_pr_auc,test_roc_auc,test_recall_at_precision_0.9,test_recall_at_top_0.1pct,test_recall_at_top_0.5pct,fit_seconds,best_iteration
baseline_isFlaggedFraud,baseline,rule,,2026-10-04 17:40:28,0.0019,0.0019,0.5006,0.0012,0.0036,0.0085,,
baseline_logreg_primary,baseline,logistic_regression,base+velocity+payer_balance,2026-10-04 17:40:30,0.1574,0.1601,0.9866,0.0012,0.3443,0.5681,,
baseline_logreg_strict,baseline,logistic_regression,base+velocity,2026-10-04 17:40:46,0.1074,0.1326,0.9201,0.0292,0.2299,0.3345,,
xgb_base,ablation,xgboost,base,2026-10-04 17:41:11,0.3314,0.362,0.9467,0.2628,0.3905,0.4769,6.5039,90.0
xgb_base+velocity,ablation,xgboost,base+velocity,2026-10-04 17:41:21,0.3143,0.3504,0.9587,0.2567,0.4075,0.5,4.5349,118.0
xgb_base+payer_balance,ablation,xgboost,base+payer_balance,2026-10-04 17:41:29,0.915,0.8985,0.9999,0.708,0.8844,1.0,5.4728,181.0
xgb_base+velocity+payer_balance,ablation,xgboost,base+velocity+payer_balance,2026-10-04 17:41:40,0.9241,0.9125,0.9999,0.7956,0.9051,1.0,9.3761,158.0
xgb_all_incl_post_txn_balance,ablation,xgboost,all_incl_post_txn_balance,2026-10-04 17:41:54,0.9994,1.0,1.0,1.0,1.0,1.0,4.4012,14.0
xgb_raw_paysim_columns,ablation,xgboost,raw_paysim_columns,2026-10-04 17:42:01,0.9141,0.9135,0.9998,0.7786,0.899,0.9988,5.868,218.0
xgb_tuned_primary,tuning,xgboost,base+velocity+payer_balance,2026-10-04 17:47:37,0.9324,,,,,,6.7251,68.0
xgb_tuned_strict,tuning,xgboost,base+velocity,2026-10-04 17:53:22,0.3492,,,,,,7.683,250.0
evaluate_test_window,evaluation,xgboost,base+velocity+payer_balance,2026-10-04 17:57:23,,0.9201,0.9999,0.8151,0.9148,1.0,,
